name,value
Cload,11.987807115156738
Lin,1.3304948537394752
Llatn,1.4872312147403057
Llatp,0.7097137488486107
Ltail1,0.18791541641242213
Ltail2,0.422799379006523
Rsw,282.6378039363118
Win,46.73300731166462
Wlatn,4.626087530991067
Wlatp,29.72188320555444
Wrst,3.7151244011668525
Wrst2,0.6366785076792467
Wtail1,15.645241705508939
Wtail2,1.440826247908823
