name,value
Cload,1.4704530323277731
Lin,0.23340999860281345
Llatn,0.19699374523538343
Llatp,0.26191509903408056
Ltail,0.3876020917436409
Rsw,1646.164105755646
Win,4.524730873686375
Wlatn,1.6449672079717383
Wlatp,3.506585095071329
Wrst,5.166338194705451
Wtail,20.526064898211896
