name,value
Lin,0.15062896762315642
Llat,0.39235312912912074
Llatn,0.5294510036577834
Ltail,0.40852942535356834
Win,0.9821787203362293
Wlat,0.6161962548556082
Wlatn,1.2249220204676714
Wrst,2.0017067026315654
Wtail,1.8928541268068861
