name,value
Cload,8.071061907171655
Lin,0.4488006473399458
Llatn,0.2524897325984138
Llatp,0.3864905612995381
Ltail,0.4016258709283504
Rsw,603.734256834863
Win,8.215240031465017
Wlatn,2.836402165176288
Wlatp,1.4928678196875098
Wrst,5.032862567952352
Wtail,11.83468413162491
