{
  "measurements": {
    "Doing analysis at TEMP": 27.0,
    "outp_val": 1.8,
    "outm_val": 2.14827e-07,
    "tclk": 1.05e-09,
    "tout": 1.26399e-09,
    "avg_idd": 2.79402e-11,
    "RESULT_OUTP_VAL": 1.8,
    "RESULT_OUTM_VAL": 2.14827e-07,
    "RESULT_TCLK": 1.05e-09,
    "RESULT_TOUT": 1.26399e-09,
    "RESULT_AVG_IDD": -8.39757e-06,
    "RESULT_RESOLUTION_BITS": 8,
    "RESULT_OFFSET_MV": 0.0,
    "RESULT_RESOLVE_NS": 0.21399,
    "RESULT_SAMPLE_RATE_KSPS": 10000,
    "RESULT_POWER_UW": 15.115626,
    "RESULT_INL_LSB": 0.3337038752508878,
    "RESULT_DNL_LSB": 0.31519607843137254,
    "RESULT_SNDR_DB": 48.37853015580378,
    "RESULT_SENSITIVITY_OK": 1,
    "Cload": 1.4704530323277731,
    "RESULT_MISSING_CODES": 0,
    "RESULT_ENOB": 7.7439418863461436
  },
  "score": 1.0,
  "details": {
    "resolution_bits": {
      "measured": 8,
      "target": "8",
      "met": true,
      "score": 1.0,
      "unit": "bits"
    },
    "sample_rate_ksps": {
      "measured": 10000,
      "target": ">100",
      "met": true,
      "score": 1.0,
      "unit": "kSPS"
    },
    "inl_lsb": {
      "measured": 0.3337038752508878,
      "target": "<1",
      "met": true,
      "score": 1.0,
      "unit": "LSB"
    },
    "dnl_lsb": {
      "measured": 0.31519607843137254,
      "target": "<0.5",
      "met": true,
      "score": 1.0,
      "unit": "LSB"
    },
    "sndr_db": {
      "measured": 48.37853015580378,
      "target": ">44",
      "met": true,
      "score": 1.0,
      "unit": "dB"
    },
    "power_uw": {
      "measured": 15.115626,
      "target": "<500",
      "met": true,
      "score": 1.0,
      "unit": "uW"
    }
  },
  "parameters": {
    "Cload": 1.4704530323277731,
    "Lin": 0.23340999860281345,
    "Llatn": 0.19699374523538343,
    "Llatp": 0.26191509903408056,
    "Ltail": 0.3876020917436409,
    "Rsw": 1646.164105755646,
    "Win": 4.524730873686375,
    "Wlatn": 1.6449672079717383,
    "Wlatp": 3.506585095071329,
    "Wrst": 5.166338194705451,
    "Wtail": 20.526064898211896
  },
  "de_result": {
    "converged": true,
    "iterations": 250,
    "diversity": 0.17467313265683354,
    "stop_reason": "stagnated (div=0.1747, no_improve=90)",
    "best_metric": -8.301818081233463
  }
}